index,longitude,latitude,section,route,distance_miles,distance_kilometers,avg_time_to_complete
2645,-3.3850576,55.990484,7,South Queensferry to Edinburgh,15.5,24.8,3
2646,-3.3847394,55.990541,7,South Queensferry to Edinburgh,15.5,24.8,3
2647,-3.3845315,55.990566,7,South Queensferry to Edinburgh,15.5,24.8,3
2648,-3.3843385,55.9905765,7,South Queensferry to Edinburgh,15.5,24.8,3
2649,-3.3841749,55.9905714,7,South Queensferry to Edinburgh,15.5,24.8,3
2650,-3.3839821,55.9906466,7,South Queensferry to Edinburgh,15.5,24.8,3
2651,-3.3837968,55.9906611,7,South Queensferry to Edinburgh,15.5,24.8,3
2652,-3.3836893,55.9906596,7,South Queensferry to Edinburgh,15.5,24.8,3
2653,-3.3831261,55.9905443,7,South Queensferry to Edinburgh,15.5,24.8,3
2654,-3.3827514,55.9905095,7,South Queensferry to Edinburgh,15.5,24.8,3
2655,-3.3824036,55.9905152,7,South Queensferry to Edinburgh,15.5,24.8,3
2656,-3.3819181,55.990569,7,South Queensferry to Edinburgh,15.5,24.8,3
2657,-3.3815753,55.9906175,7,South Queensferry to Edinburgh,15.5,24.8,3
2658,-3.3813476,55.9907081,7,South Queensferry to Edinburgh,15.5,24.8,3
2659,-3.3810609,55.9907555,7,South Queensferry to Edinburgh,15.5,24.8,3
2660,-3.3807951,55.9909099,7,South Queensferry to Edinburgh,15.5,24.8,3
2661,-3.3805713,55.9909801,7,South Queensferry to Edinburgh,15.5,24.8,3
2662,-3.3803446,55.9910188,7,South Queensferry to Edinburgh,15.5,24.8,3
2663,-3.3801055,55.9909886,7,South Queensferry to Edinburgh,15.5,24.8,3
2664,-3.3798433,55.9909871,7,South Queensferry to Edinburgh,15.5,24.8,3
2665,-3.3795405,55.9910366,7,South Queensferry to Edinburgh,15.5,24.8,3
2666,-3.3792815,55.9911284,7,South Queensferry to Edinburgh,15.5,24.8,3
2667,-3.378956,55.9912017,7,South Queensferry to Edinburgh,15.5,24.8,3
2668,-3.3777461,55.9912259,7,South Queensferry to Edinburgh,15.5,24.8,3
2669,-3.3768026,55.9913716,7,South Queensferry to Edinburgh,15.5,24.8,3
2670,-3.3762446,55.9915862,7,South Queensferry to Edinburgh,15.5,24.8,3
2671,-3.375996,55.9916973,7,South Queensferry to Edinburgh,15.5,24.8,3
2672,-3.37572,55.9918512,7,South Queensferry to Edinburgh,15.5,24.8,3
2673,-3.3743793,55.9926268,7,South Queensferry to Edinburgh,15.5,24.8,3
2674,-3.3734614,55.9932044,7,South Queensferry to Edinburgh,15.5,24.8,3
2675,-3.3732949,55.9933044,7,South Queensferry to Edinburgh,15.5,24.8,3
2676,-3.3732263,55.9933218,7,South Queensferry to Edinburgh,15.5,24.8,3
2677,-3.3726997,55.9936358,7,South Queensferry to Edinburgh,15.5,24.8,3
2678,-3.3724096,55.9937324,7,South Queensferry to Edinburgh,15.5,24.8,3
2679,-3.3718133,55.9938168,7,South Queensferry to Edinburgh,15.5,24.8,3
2680,-3.3707354,55.9940105,7,South Queensferry to Edinburgh,15.5,24.8,3
2681,-3.369632,55.9942662,7,South Queensferry to Edinburgh,15.5,24.8,3
2682,-3.3690084,55.9944669,7,South Queensferry to Edinburgh,15.5,24.8,3
2683,-3.3685735,55.9946948,7,South Queensferry to Edinburgh,15.5,24.8,3
2684,-3.3679993,55.995139,7,South Queensferry to Edinburgh,15.5,24.8,3
2685,-3.3668492,55.996387,7,South Queensferry to Edinburgh,15.5,24.8,3
2686,-3.3666346,55.9968574,7,South Queensferry to Edinburgh,15.5,24.8,3
2687,-3.3663943,55.9972798,7,South Queensferry to Edinburgh,15.5,24.8,3
2688,-3.3659651,55.9977406,7,South Queensferry to Edinburgh,15.5,24.8,3
2689,-3.3657195,55.9979734,7,South Queensferry to Edinburgh,15.5,24.8,3
2690,-3.3654267,55.9981676,7,South Queensferry to Edinburgh,15.5,24.8,3
2691,-3.3650817,55.9983762,7,South Queensferry to Edinburgh,15.5,24.8,3
2692,-3.3646433,55.998595,7,South Queensferry to Edinburgh,15.5,24.8,3
2693,-3.3641627,55.9987678,7,South Queensferry to Edinburgh,15.5,24.8,3
2694,-3.3628924,55.9989645,7,South Queensferry to Edinburgh,15.5,24.8,3
2695,-3.361041,55.9992597,7,South Queensferry to Edinburgh,15.5,24.8,3
2696,-3.359708,55.9994061,7,South Queensferry to Edinburgh,15.5,24.8,3
2697,-3.3586952,55.9994541,7,South Queensferry to Edinburgh,15.5,24.8,3
2698,-3.3572605,55.9994138,7,South Queensferry to Edinburgh,15.5,24.8,3
2699,-3.3566096,55.9993867,7,South Queensferry to Edinburgh,15.5,24.8,3
2700,-3.3558365,55.9995988,7,South Queensferry to Edinburgh,15.5,24.8,3
2701,-3.3549874,55.9996557,7,South Queensferry to Edinburgh,15.5,24.8,3
2702,-3.3538458,55.9997181,7,South Queensferry to Edinburgh,15.5,24.8,3
2703,-3.3532192,55.9997901,7,South Queensferry to Edinburgh,15.5,24.8,3
2704,-3.3523781,55.9999869,7,South Queensferry to Edinburgh,15.5,24.8,3
2705,-3.3520384,56.0000446,7,South Queensferry to Edinburgh,15.5,24.8,3
2706,-3.3517581,56.0002874,7,South Queensferry to Edinburgh,15.5,24.8,3
2707,-3.3514431,56.0006273,7,South Queensferry to Edinburgh,15.5,24.8,3
2708,-3.3512085,56.0006723,7,South Queensferry to Edinburgh,15.5,24.8,3
2709,-3.3506968,56.0004747,7,South Queensferry to Edinburgh,15.5,24.8,3
2710,-3.3502034,56.0001479,7,South Queensferry to Edinburgh,15.5,24.8,3
2711,-3.3498681,55.9996346,7,South Queensferry to Edinburgh,15.5,24.8,3
2712,-3.3496453,55.9994371,7,South Queensferry to Edinburgh,15.5,24.8,3
2713,-3.3494337,55.9992606,7,South Queensferry to Edinburgh,15.5,24.8,3
2714,-3.3487389,55.9989597,7,South Queensferry to Edinburgh,15.5,24.8,3
2715,-3.3477947,55.998451,7,South Queensferry to Edinburgh,15.5,24.8,3
2716,-3.3475795,55.9982828,7,South Queensferry to Edinburgh,15.5,24.8,3
2717,-3.3468035,55.9979047,7,South Queensferry to Edinburgh,15.5,24.8,3
2718,-3.346331,55.9975515,7,South Queensferry to Edinburgh,15.5,24.8,3
2719,-3.3460723,55.997447,7,South Queensferry to Edinburgh,15.5,24.8,3
2720,-3.3454405,55.9972132,7,South Queensferry to Edinburgh,15.5,24.8,3
2721,-3.344769,55.9969894,7,South Queensferry to Edinburgh,15.5,24.8,3
2722,-3.3441323,55.9968103,7,South Queensferry to Edinburgh,15.5,24.8,3
2723,-3.3426748,55.9963676,7,South Queensferry to Edinburgh,15.5,24.8,3
2724,-3.3419584,55.9961239,7,South Queensferry to Edinburgh,15.5,24.8,3
2725,-3.3415505,55.99591,7,South Queensferry to Edinburgh,15.5,24.8,3
2726,-3.3412372,55.9955219,7,South Queensferry to Edinburgh,15.5,24.8,3
2727,-3.3409685,55.9951091,7,South Queensferry to Edinburgh,15.5,24.8,3
2728,-3.3406651,55.9947808,7,South Queensferry to Edinburgh,15.5,24.8,3
2729,-3.3403119,55.9944126,7,South Queensferry to Edinburgh,15.5,24.8,3
2730,-3.3398841,55.9939699,7,South Queensferry to Edinburgh,15.5,24.8,3
2731,-3.3395707,55.9936217,7,South Queensferry to Edinburgh,15.5,24.8,3
2732,-3.3392896,55.9933915,7,South Queensferry to Edinburgh,15.5,24.8,3
2733,-3.3390036,55.9932003,7,South Queensferry to Edinburgh,15.5,24.8,3
2734,-3.3382418,55.9929452,7,South Queensferry to Edinburgh,15.5,24.8,3
2735,-3.3367576,55.9924002,7,South Queensferry to Edinburgh,15.5,24.8,3
2736,-3.3359314,55.9920078,7,South Queensferry to Edinburgh,15.5,24.8,3
2737,-3.3353596,55.9917189,7,South Queensferry to Edinburgh,15.5,24.8,3
2738,-3.3344738,55.990953,7,South Queensferry to Edinburgh,15.5,24.8,3
2739,-3.3332634,55.9892201,7,South Queensferry to Edinburgh,15.5,24.8,3
2740,-3.3327915,55.9885573,7,South Queensferry to Edinburgh,15.5,24.8,3
2741,-3.3325803,55.9881782,7,South Queensferry to Edinburgh,15.5,24.8,3
2742,-3.3325017,55.9879984,7,South Queensferry to Edinburgh,15.5,24.8,3
2743,-3.3325092,55.9878672,7,South Queensferry to Edinburgh,15.5,24.8,3
2744,-3.3325452,55.9877061,7,South Queensferry to Edinburgh,15.5,24.8,3
2745,-3.3326286,55.9874713,7,South Queensferry to Edinburgh,15.5,24.8,3
2746,-3.3327458,55.987331,7,South Queensferry to Edinburgh,15.5,24.8,3
2747,-3.3328649,55.9872183,7,South Queensferry to Edinburgh,15.5,24.8,3
2748,-3.3330086,55.9871152,7,South Queensferry to Edinburgh,15.5,24.8,3
2749,-3.3332015,55.9870567,7,South Queensferry to Edinburgh,15.5,24.8,3
2750,-3.3335148,55.9870167,7,South Queensferry to Edinburgh,15.5,24.8,3
2751,-3.3336267,55.9868261,7,South Queensferry to Edinburgh,15.5,24.8,3
2752,-3.3328075,55.986248,7,South Queensferry to Edinburgh,15.5,24.8,3
2753,-3.3319132,55.9856773,7,South Queensferry to Edinburgh,15.5,24.8,3
2754,-3.3306458,55.9849708,7,South Queensferry to Edinburgh,15.5,24.8,3
2755,-3.3292487,55.9841304,7,South Queensferry to Edinburgh,15.5,24.8,3
2756,-3.3279712,55.983507,7,South Queensferry to Edinburgh,15.5,24.8,3
2757,-3.3277215,55.9834671,7,South Queensferry to Edinburgh,15.5,24.8,3
2758,-3.3274428,55.9834389,7,South Queensferry to Edinburgh,15.5,24.8,3
2759,-3.3271558,55.9834323,7,South Queensferry to Edinburgh,15.5,24.8,3
2760,-3.3267233,55.9835064,7,South Queensferry to Edinburgh,15.5,24.8,3
2761,-3.3261654,55.9835304,7,South Queensferry to Edinburgh,15.5,24.8,3
2762,-3.3257448,55.9835304,7,South Queensferry to Edinburgh,15.5,24.8,3
2763,-3.3249518,55.9833424,7,South Queensferry to Edinburgh,15.5,24.8,3
2764,-3.3241339,55.9831301,7,South Queensferry to Edinburgh,15.5,24.8,3
2765,-3.3231587,55.9828825,7,South Queensferry to Edinburgh,15.5,24.8,3
2766,-3.3221571,55.9825834,7,South Queensferry to Edinburgh,15.5,24.8,3
2767,-3.3213502,55.9823747,7,South Queensferry to Edinburgh,15.5,24.8,3
2768,-3.3204112,55.9820478,7,South Queensferry to Edinburgh,15.5,24.8,3
2769,-3.3201984,55.981904,7,South Queensferry to Edinburgh,15.5,24.8,3
2770,-3.3200786,55.9818251,7,South Queensferry to Edinburgh,15.5,24.8,3
2771,-3.319883,55.9817733,7,South Queensferry to Edinburgh,15.5,24.8,3
2772,-3.3195375,55.981657,7,South Queensferry to Edinburgh,15.5,24.8,3
2773,-3.3194251,55.9816281,7,South Queensferry to Edinburgh,15.5,24.8,3
2774,-3.3192934,55.9816242,7,South Queensferry to Edinburgh,15.5,24.8,3
2775,-3.3174611,55.9818281,7,South Queensferry to Edinburgh,15.5,24.8,3
2776,-3.3166462,55.9818992,7,South Queensferry to Edinburgh,15.5,24.8,3
2777,-3.3164503,55.9818953,7,South Queensferry to Edinburgh,15.5,24.8,3
2778,-3.3162628,55.9818773,7,South Queensferry to Edinburgh,15.5,24.8,3
2779,-3.3161143,55.9818276,7,South Queensferry to Edinburgh,15.5,24.8,3
2780,-3.3159686,55.9817601,7,South Queensferry to Edinburgh,15.5,24.8,3
2781,-3.3158732,55.9816778,7,South Queensferry to Edinburgh,15.5,24.8,3
2782,-3.3158122,55.9815902,7,South Queensferry to Edinburgh,15.5,24.8,3
2783,-3.3157653,55.9814767,7,South Queensferry to Edinburgh,15.5,24.8,3
2784,-3.3157517,55.9813848,7,South Queensferry to Edinburgh,15.5,24.8,3
2785,-3.315752,55.9812859,7,South Queensferry to Edinburgh,15.5,24.8,3
2786,-3.3158742,55.9808711,7,South Queensferry to Edinburgh,15.5,24.8,3
2787,-3.3159687,55.9806589,7,South Queensferry to Edinburgh,15.5,24.8,3
2788,-3.3153889,55.9806991,7,South Queensferry to Edinburgh,15.5,24.8,3
2789,-3.3123878,55.980684,7,South Queensferry to Edinburgh,15.5,24.8,3
2790,-3.3121987,55.9806786,7,South Queensferry to Edinburgh,15.5,24.8,3
2791,-3.3119713,55.9806349,7,South Queensferry to Edinburgh,15.5,24.8,3
2792,-3.3083042,55.9790625,7,South Queensferry to Edinburgh,15.5,24.8,3
2793,-3.3089318,55.9784031,7,South Queensferry to Edinburgh,15.5,24.8,3
2794,-3.3098915,55.9774441,7,South Queensferry to Edinburgh,15.5,24.8,3
2795,-3.3116762,55.9756998,7,South Queensferry to Edinburgh,15.5,24.8,3
2796,-3.312707,55.9747196,7,South Queensferry to Edinburgh,15.5,24.8,3
2797,-3.3145135,55.9729032,7,South Queensferry to Edinburgh,15.5,24.8,3
2798,-3.3145958,55.9728058,7,South Queensferry to Edinburgh,15.5,24.8,3
2799,-3.3146572,55.9726794,7,South Queensferry to Edinburgh,15.5,24.8,3
2800,-3.3146755,55.9725916,7,South Queensferry to Edinburgh,15.5,24.8,3
2801,-3.3146497,55.9724823,7,South Queensferry to Edinburgh,15.5,24.8,3
2802,-3.3145955,55.9723992,7,South Queensferry to Edinburgh,15.5,24.8,3
2803,-3.3145115,55.9723204,7,South Queensferry to Edinburgh,15.5,24.8,3
2804,-3.3144035,55.9722575,7,South Queensferry to Edinburgh,15.5,24.8,3
2805,-3.3141329,55.9721545,7,South Queensferry to Edinburgh,15.5,24.8,3
2806,-3.3140075,55.9720526,7,South Queensferry to Edinburgh,15.5,24.8,3
2807,-3.3138682,55.9718364,7,South Queensferry to Edinburgh,15.5,24.8,3
2808,-3.3138078,55.9717766,7,South Queensferry to Edinburgh,15.5,24.8,3
2809,-3.3137154,55.9717223,7,South Queensferry to Edinburgh,15.5,24.8,3
2810,-3.3136246,55.971681,7,South Queensferry to Edinburgh,15.5,24.8,3
2811,-3.3135629,55.9716558,7,South Queensferry to Edinburgh,15.5,24.8,3
2812,-3.3135199,55.9716225,7,South Queensferry to Edinburgh,15.5,24.8,3
2813,-3.313507,55.9715901,7,South Queensferry to Edinburgh,15.5,24.8,3
2814,-3.313513,55.9715444,7,South Queensferry to Edinburgh,15.5,24.8,3
2815,-3.3135364,55.9714681,7,South Queensferry to Edinburgh,15.5,24.8,3
2816,-3.3139762,55.9709701,7,South Queensferry to Edinburgh,15.5,24.8,3
2817,-3.3140207,55.9708631,7,South Queensferry to Edinburgh,15.5,24.8,3
2818,-3.3140411,55.970692,7,South Queensferry to Edinburgh,15.5,24.8,3
2819,-3.3140899,55.9705596,7,South Queensferry to Edinburgh,15.5,24.8,3
2820,-3.3142144,55.9704658,7,South Queensferry to Edinburgh,15.5,24.8,3
2821,-3.3151044,55.9698472,7,South Queensferry to Edinburgh,15.5,24.8,3
2822,-3.3153179,55.9696728,7,South Queensferry to Edinburgh,15.5,24.8,3
2823,-3.3155196,55.9694683,7,South Queensferry to Edinburgh,15.5,24.8,3
2824,-3.3161603,55.968802,7,South Queensferry to Edinburgh,15.5,24.8,3
2825,-3.3183485,55.9666616,7,South Queensferry to Edinburgh,15.5,24.8,3
2826,-3.3185743,55.9664287,7,South Queensferry to Edinburgh,15.5,24.8,3
2827,-3.318576,55.9663086,7,South Queensferry to Edinburgh,15.5,24.8,3
2828,-3.3185069,55.9661252,7,South Queensferry to Edinburgh,15.5,24.8,3
2829,-3.3184415,55.9661234,7,South Queensferry to Edinburgh,15.5,24.8,3
2830,-3.3183758,55.9661074,7,South Queensferry to Edinburgh,15.5,24.8,3
2831,-3.3183215,55.9660864,7,South Queensferry to Edinburgh,15.5,24.8,3
2832,-3.3173322,55.9654424,7,South Queensferry to Edinburgh,15.5,24.8,3
2833,-3.3171341,55.9653614,7,South Queensferry to Edinburgh,15.5,24.8,3
2834,-3.3169031,55.9652924,7,South Queensferry to Edinburgh,15.5,24.8,3
2835,-3.3167348,55.9652547,7,South Queensferry to Edinburgh,15.5,24.8,3
2836,-3.3166484,55.9652426,7,South Queensferry to Edinburgh,15.5,24.8,3
2837,-3.3155517,55.9651047,7,South Queensferry to Edinburgh,15.5,24.8,3
2838,-3.3154148,55.9650983,7,South Queensferry to Edinburgh,15.5,24.8,3
2839,-3.3153383,55.9651078,7,South Queensferry to Edinburgh,15.5,24.8,3
2840,-3.3152874,55.965133,7,South Queensferry to Edinburgh,15.5,24.8,3
2841,-3.3152557,55.9651693,7,South Queensferry to Edinburgh,15.5,24.8,3
2842,-3.3152441,55.9652314,7,South Queensferry to Edinburgh,15.5,24.8,3
2843,-3.3151301,55.9653848,7,South Queensferry to Edinburgh,15.5,24.8,3
2844,-3.315048,55.9654485,7,South Queensferry to Edinburgh,15.5,24.8,3
2845,-3.3149493,55.9654863,7,South Queensferry to Edinburgh,15.5,24.8,3
2846,-3.3148018,55.9655237,7,South Queensferry to Edinburgh,15.5,24.8,3
2847,-3.3145157,55.9655798,7,South Queensferry to Edinburgh,15.5,24.8,3
2848,-3.314355,55.9655949,7,South Queensferry to Edinburgh,15.5,24.8,3
2849,-3.3136905,55.9656296,7,South Queensferry to Edinburgh,15.5,24.8,3
2850,-3.3135487,55.9656168,7,South Queensferry to Edinburgh,15.5,24.8,3
2851,-3.3126466,55.9654671,7,South Queensferry to Edinburgh,15.5,24.8,3
2852,-3.312502,55.9654467,7,South Queensferry to Edinburgh,15.5,24.8,3
2853,-3.3124008,55.965449,7,South Queensferry to Edinburgh,15.5,24.8,3
2854,-3.3116422,55.9656023,7,South Queensferry to Edinburgh,15.5,24.8,3
2855,-3.3110185,55.9656978,7,South Queensferry to Edinburgh,15.5,24.8,3
2856,-3.3106289,55.9657382,7,South Queensferry to Edinburgh,15.5,24.8,3
2857,-3.3101425,55.9657396,7,South Queensferry to Edinburgh,15.5,24.8,3
2858,-3.3098394,55.9657658,7,South Queensferry to Edinburgh,15.5,24.8,3
2859,-3.309523,55.9658052,7,South Queensferry to Edinburgh,15.5,24.8,3
2860,-3.3092729,55.9658539,7,South Queensferry to Edinburgh,15.5,24.8,3
2861,-3.3081105,55.966031,7,South Queensferry to Edinburgh,15.5,24.8,3
2862,-3.3078757,55.9661041,7,South Queensferry to Edinburgh,15.5,24.8,3
2863,-3.307629,55.9661349,7,South Queensferry to Edinburgh,15.5,24.8,3
2864,-3.3074277,55.9661993,7,South Queensferry to Edinburgh,15.5,24.8,3
2865,-3.3073086,55.9662531,7,South Queensferry to Edinburgh,15.5,24.8,3
2866,-3.3048148,55.9668487,7,South Queensferry to Edinburgh,15.5,24.8,3
2867,-3.3046048,55.9669063,7,South Queensferry to Edinburgh,15.5,24.8,3
2868,-3.3044151,55.966968,7,South Queensferry to Edinburgh,15.5,24.8,3
2869,-3.3042391,55.967036,7,South Queensferry to Edinburgh,15.5,24.8,3
2870,-3.3040542,55.9671149,7,South Queensferry to Edinburgh,15.5,24.8,3
2871,-3.3037694,55.9672455,7,South Queensferry to Edinburgh,15.5,24.8,3
2872,-3.303301,55.9674757,7,South Queensferry to Edinburgh,15.5,24.8,3
2873,-3.3027974,55.9677096,7,South Queensferry to Edinburgh,15.5,24.8,3
2874,-3.3024047,55.9678543,7,South Queensferry to Edinburgh,15.5,24.8,3
2875,-3.3021423,55.967939200000004,7,South Queensferry to Edinburgh,15.5,24.8,3
2876,-3.3018761,55.9680152,7,South Queensferry to Edinburgh,15.5,24.8,3
2877,-3.3016171,55.9680845,7,South Queensferry to Edinburgh,15.5,24.8,3
2878,-3.3013347,55.9681574,7,South Queensferry to Edinburgh,15.5,24.8,3
2879,-3.3010316,55.9682277,7,South Queensferry to Edinburgh,15.5,24.8,3
2880,-3.3005402,55.9683124,7,South Queensferry to Edinburgh,15.5,24.8,3
2881,-3.3002063,55.968357,7,South Queensferry to Edinburgh,15.5,24.8,3
2882,-3.2997964,55.9684059,7,South Queensferry to Edinburgh,15.5,24.8,3
2883,-3.299734,55.9684078,7,South Queensferry to Edinburgh,15.5,24.8,3
2884,-3.2991543,55.9683421,7,South Queensferry to Edinburgh,15.5,24.8,3
2885,-3.2990105,55.9683408,7,South Queensferry to Edinburgh,15.5,24.8,3
2886,-3.2987239,55.9683075,7,South Queensferry to Edinburgh,15.5,24.8,3
2887,-3.2984173,55.9682636,7,South Queensferry to Edinburgh,15.5,24.8,3
2888,-3.2983614,55.9682456,7,South Queensferry to Edinburgh,15.5,24.8,3
2889,-3.2976469,55.9681526,7,South Queensferry to Edinburgh,15.5,24.8,3
2890,-3.2970879,55.9680407,7,South Queensferry to Edinburgh,15.5,24.8,3
2891,-3.2967462,55.9679635,7,South Queensferry to Edinburgh,15.5,24.8,3
2892,-3.2959254,55.9677638,7,South Queensferry to Edinburgh,15.5,24.8,3
2893,-3.295693,55.9676926,7,South Queensferry to Edinburgh,15.5,24.8,3
2894,-3.2954146,55.9675816,7,South Queensferry to Edinburgh,15.5,24.8,3
2895,-3.2952976,55.9675126,7,South Queensferry to Edinburgh,15.5,24.8,3
2896,-3.2950876,55.9674046,7,South Queensferry to Edinburgh,15.5,24.8,3
2897,-3.2949225,55.9673326,7,South Queensferry to Edinburgh,15.5,24.8,3
2898,-3.2947515,55.9672305,7,South Queensferry to Edinburgh,15.5,24.8,3
2899,-3.2945895,55.9671495,7,South Queensferry to Edinburgh,15.5,24.8,3
2900,-3.2943194,55.9670025,7,South Queensferry to Edinburgh,15.5,24.8,3
2901,-3.2941544,55.9668975,7,South Queensferry to Edinburgh,15.5,24.8,3
2902,-3.2939593,55.9667114,7,South Queensferry to Edinburgh,15.5,24.8,3
2903,-3.2934792,55.9662133,7,South Queensferry to Edinburgh,15.5,24.8,3
2904,-3.2933665,55.966120600000004,7,South Queensferry to Edinburgh,15.5,24.8,3
2905,-3.2932495,55.9660429,7,South Queensferry to Edinburgh,15.5,24.8,3
2906,-3.2931057,55.9659594,7,South Queensferry to Edinburgh,15.5,24.8,3
2907,-3.2929596,55.965916,7,South Queensferry to Edinburgh,15.5,24.8,3
2908,-3.2927785,55.9658797,7,South Queensferry to Edinburgh,15.5,24.8,3
2909,-3.2925723,55.9658425,7,South Queensferry to Edinburgh,15.5,24.8,3
2910,-3.2923233,55.9658119,7,South Queensferry to Edinburgh,15.5,24.8,3
2911,-3.2920428,55.9657879,7,South Queensferry to Edinburgh,15.5,24.8,3
2912,-3.2917528,55.9657689,7,South Queensferry to Edinburgh,15.5,24.8,3
2913,-3.291418,55.9657581,7,South Queensferry to Edinburgh,15.5,24.8,3
2914,-3.2909812,55.965768,7,South Queensferry to Edinburgh,15.5,24.8,3
2915,-3.2905777,55.9657857,7,South Queensferry to Edinburgh,15.5,24.8,3
2916,-3.2900842,55.9658267,7,South Queensferry to Edinburgh,15.5,24.8,3
2917,-3.2896871,55.9658742,7,South Queensferry to Edinburgh,15.5,24.8,3
2918,-3.2893208,55.9659303,7,South Queensferry to Edinburgh,15.5,24.8,3
2919,-3.2889044,55.9660166,7,South Queensferry to Edinburgh,15.5,24.8,3
2920,-3.2883462,55.9661633,7,South Queensferry to Edinburgh,15.5,24.8,3
2921,-3.2876116,55.9663737,7,South Queensferry to Edinburgh,15.5,24.8,3
2922,-3.2867574,55.9666733,7,South Queensferry to Edinburgh,15.5,24.8,3
2923,-3.285241,55.9671844,7,South Queensferry to Edinburgh,15.5,24.8,3
2924,-3.2850854,55.9672229,7,South Queensferry to Edinburgh,15.5,24.8,3
2925,-3.2849272,55.9672544,7,South Queensferry to Edinburgh,15.5,24.8,3
2926,-3.2847797,55.9672774,7,South Queensferry to Edinburgh,15.5,24.8,3
2927,-3.2846053,55.9672935,7,South Queensferry to Edinburgh,15.5,24.8,3
2928,-3.2844174,55.9673064,7,South Queensferry to Edinburgh,15.5,24.8,3
2929,-3.2842754,55.9673089,7,South Queensferry to Edinburgh,15.5,24.8,3
2930,-3.2841198,55.9673083,7,South Queensferry to Edinburgh,15.5,24.8,3
2931,-3.2839696,55.9672994,7,South Queensferry to Edinburgh,15.5,24.8,3
2932,-3.2838033,55.9672834,7,South Queensferry to Edinburgh,15.5,24.8,3
2933,-3.2836236,55.9672621,7,South Queensferry to Edinburgh,15.5,24.8,3
2934,-3.2834144,55.9672248,7,South Queensferry to Edinburgh,15.5,24.8,3
2935,-3.2832421,55.967182,7,South Queensferry to Edinburgh,15.5,24.8,3
2936,-3.2831113,55.9671428,7,South Queensferry to Edinburgh,15.5,24.8,3
2937,-3.2829558,55.9670869,7,South Queensferry to Edinburgh,15.5,24.8,3
2938,-3.2828136,55.9670247,7,South Queensferry to Edinburgh,15.5,24.8,3
2939,-3.2826741,55.9669528,7,South Queensferry to Edinburgh,15.5,24.8,3
2940,-3.2820844,55.9665939,7,South Queensferry to Edinburgh,15.5,24.8,3
2941,-3.2814833,55.9662236,7,South Queensferry to Edinburgh,15.5,24.8,3
2942,-3.281403,55.9661898,7,South Queensferry to Edinburgh,15.5,24.8,3
2943,-3.2812976,55.9661687,7,South Queensferry to Edinburgh,15.5,24.8,3
2944,-3.2812357,55.9661006,7,South Queensferry to Edinburgh,15.5,24.8,3
2945,-3.2806873,55.9656337,7,South Queensferry to Edinburgh,15.5,24.8,3
2946,-3.2803607,55.9653258,7,South Queensferry to Edinburgh,15.5,24.8,3
2947,-3.2797493,55.9646956,7,South Queensferry to Edinburgh,15.5,24.8,3
2948,-3.2796514,55.9646415,7,South Queensferry to Edinburgh,15.5,24.8,3
2949,-3.2796342,55.9646095,7,South Queensferry to Edinburgh,15.5,24.8,3
2950,-3.2796599,55.9645147,7,South Queensferry to Edinburgh,15.5,24.8,3
2951,-3.2803207,55.964422,7,South Queensferry to Edinburgh,15.5,24.8,3
2952,-3.2802423,55.9641129,7,South Queensferry to Edinburgh,15.5,24.8,3
2953,-3.2802522,55.9636959,7,South Queensferry to Edinburgh,15.5,24.8,3
2954,-3.2814584,55.9629908,7,South Queensferry to Edinburgh,15.5,24.8,3
2955,-3.2815523,55.96294,7,South Queensferry to Edinburgh,15.5,24.8,3
2956,-3.2817408,55.9628425,7,South Queensferry to Edinburgh,15.5,24.8,3
2957,-3.2823768,55.9626353,7,South Queensferry to Edinburgh,15.5,24.8,3
2958,-3.2828317,55.9622522,7,South Queensferry to Edinburgh,15.5,24.8,3
2959,-3.2831536,55.9621801,7,South Queensferry to Edinburgh,15.5,24.8,3
2960,-3.2831489,55.9620563,7,South Queensferry to Edinburgh,15.5,24.8,3
2961,-3.2830321,55.9620704,7,South Queensferry to Edinburgh,15.5,24.8,3
2962,-3.282997,55.9619839,7,South Queensferry to Edinburgh,15.5,24.8,3
2963,-3.2829649,55.9619181,7,South Queensferry to Edinburgh,15.5,24.8,3
2964,-3.2838191,55.9618343,7,South Queensferry to Edinburgh,15.5,24.8,3
2965,-3.2842149,55.9617092,7,South Queensferry to Edinburgh,15.5,24.8,3
2966,-3.2841443,55.9615076,7,South Queensferry to Edinburgh,15.5,24.8,3
2967,-3.2840355,55.9611309,7,South Queensferry to Edinburgh,15.5,24.8,3
2968,-3.2840213,55.9610737,7,South Queensferry to Edinburgh,15.5,24.8,3
2969,-3.2840204,55.9609958,7,South Queensferry to Edinburgh,15.5,24.8,3
2970,-3.2838336,55.9609872,7,South Queensferry to Edinburgh,15.5,24.8,3
2971,-3.2837065,55.9609398,7,South Queensferry to Edinburgh,15.5,24.8,3
2972,-3.2836382,55.9608765,7,South Queensferry to Edinburgh,15.5,24.8,3
2973,-3.2836123,55.9607843,7,South Queensferry to Edinburgh,15.5,24.8,3
2974,-3.2836553,55.9606867,7,South Queensferry to Edinburgh,15.5,24.8,3
2975,-3.2833227,55.960641,7,South Queensferry to Edinburgh,15.5,24.8,3
2976,-3.282945,55.9605016,7,South Queensferry to Edinburgh,15.5,24.8,3
2977,-3.2826446,55.9602854,7,South Queensferry to Edinburgh,15.5,24.8,3
2978,-3.2824773,55.9600981,7,South Queensferry to Edinburgh,15.5,24.8,3
2979,-3.28211,55.9597839,7,South Queensferry to Edinburgh,15.5,24.8,3
2980,-3.2820341,55.9596298,7,South Queensferry to Edinburgh,15.5,24.8,3
2981,-3.2820438,55.9594302,7,South Queensferry to Edinburgh,15.5,24.8,3
2982,-3.2822784,55.9590726,7,South Queensferry to Edinburgh,15.5,24.8,3
2983,-3.2820511,55.959029,7,South Queensferry to Edinburgh,15.5,24.8,3
2984,-3.2817975,55.9589461,7,South Queensferry to Edinburgh,15.5,24.8,3
2985,-3.2814667,55.9587943,7,South Queensferry to Edinburgh,15.5,24.8,3
2986,-3.2812678,55.9586593,7,South Queensferry to Edinburgh,15.5,24.8,3
2987,-3.2811092,55.9584849,7,South Queensferry to Edinburgh,15.5,24.8,3
2988,-3.2809981,55.9582628,7,South Queensferry to Edinburgh,15.5,24.8,3
2989,-3.2809173,55.9580189,7,South Queensferry to Edinburgh,15.5,24.8,3
2990,-3.280903,55.957787,7,South Queensferry to Edinburgh,15.5,24.8,3
2991,-3.2808871,55.957454,7,South Queensferry to Edinburgh,15.5,24.8,3
2992,-3.2808542,55.956985,7,South Queensferry to Edinburgh,15.5,24.8,3
2993,-3.2807705,55.9566843,7,South Queensferry to Edinburgh,15.5,24.8,3
2994,-3.2806605,55.9565356,7,South Queensferry to Edinburgh,15.5,24.8,3
2995,-3.2795145,55.9567027,7,South Queensferry to Edinburgh,15.5,24.8,3
2996,-3.279449,55.95645,7,South Queensferry to Edinburgh,15.5,24.8,3
2997,-3.2794142,55.9563681,7,South Queensferry to Edinburgh,15.5,24.8,3
2998,-3.2793387,55.9562138,7,South Queensferry to Edinburgh,15.5,24.8,3
2999,-3.2789942,55.9555954,7,South Queensferry to Edinburgh,15.5,24.8,3
3000,-3.2790173,55.9554006,7,South Queensferry to Edinburgh,15.5,24.8,3
3001,-3.2789247,55.9550948,7,South Queensferry to Edinburgh,15.5,24.8,3
3002,-3.2787773,55.9545831,7,South Queensferry to Edinburgh,15.5,24.8,3
3003,-3.2787473,55.9542231,7,South Queensferry to Edinburgh,15.5,24.8,3
3004,-3.2787213,55.9540299,7,South Queensferry to Edinburgh,15.5,24.8,3
3005,-3.2786751,55.9536296,7,South Queensferry to Edinburgh,15.5,24.8,3
3006,-3.2786673,55.9535172,7,South Queensferry to Edinburgh,15.5,24.8,3
3007,-3.2786797,55.9533242,7,South Queensferry to Edinburgh,15.5,24.8,3
3008,-3.2787002,55.9531464,7,South Queensferry to Edinburgh,15.5,24.8,3
3009,-3.2787483,55.9527493,7,South Queensferry to Edinburgh,15.5,24.8,3
3010,-3.2788562,55.9523654,7,South Queensferry to Edinburgh,15.5,24.8,3
3011,-3.2790849,55.9515171,7,South Queensferry to Edinburgh,15.5,24.8,3
3012,-3.2793053,55.9505127,7,South Queensferry to Edinburgh,15.5,24.8,3
3013,-3.2793291,55.9504211,7,South Queensferry to Edinburgh,15.5,24.8,3
3014,-3.2794238,55.9498937,7,South Queensferry to Edinburgh,15.5,24.8,3
3015,-3.2794809,55.9496578,7,South Queensferry to Edinburgh,15.5,24.8,3
3016,-3.2798582,55.948417,7,South Queensferry to Edinburgh,15.5,24.8,3
3017,-3.2797574,55.9483607,7,South Queensferry to Edinburgh,15.5,24.8,3
3018,-3.2798786,55.9481003,7,South Queensferry to Edinburgh,15.5,24.8,3
3019,-3.2796692,55.9480576,7,South Queensferry to Edinburgh,15.5,24.8,3
3020,-3.2794516,55.9480154,7,South Queensferry to Edinburgh,15.5,24.8,3
3021,-3.2793799,55.9480064,7,South Queensferry to Edinburgh,15.5,24.8,3
3022,-3.2792793,55.9479967,7,South Queensferry to Edinburgh,15.5,24.8,3
3023,-3.2790763,55.9479982,7,South Queensferry to Edinburgh,15.5,24.8,3
3024,-3.2782299,55.9480356,7,South Queensferry to Edinburgh,15.5,24.8,3
3025,-3.2772535,55.9480848,7,South Queensferry to Edinburgh,15.5,24.8,3
3026,-3.2765428,55.9481148,7,South Queensferry to Edinburgh,15.5,24.8,3
3027,-3.2756138,55.9481586,7,South Queensferry to Edinburgh,15.5,24.8,3
3028,-3.2751297,55.9481921,7,South Queensferry to Edinburgh,15.5,24.8,3
3029,-3.2749451,55.9477231,7,South Queensferry to Edinburgh,15.5,24.8,3
3030,-3.274718,55.9472142,7,South Queensferry to Edinburgh,15.5,24.8,3
3031,-3.2746604,55.9470244,7,South Queensferry to Edinburgh,15.5,24.8,3
3032,-3.2746151,55.9469326,7,South Queensferry to Edinburgh,15.5,24.8,3
3033,-3.2744643,55.9465597,7,South Queensferry to Edinburgh,15.5,24.8,3
3034,-3.2744372,55.9465059,7,South Queensferry to Edinburgh,15.5,24.8,3
3035,-3.2744251,55.9464684,7,South Queensferry to Edinburgh,15.5,24.8,3
3036,-3.2743977,55.9463952,7,South Queensferry to Edinburgh,15.5,24.8,3
3037,-3.2743473,55.9463114,7,South Queensferry to Edinburgh,15.5,24.8,3
3038,-3.2743382,55.9462834,7,South Queensferry to Edinburgh,15.5,24.8,3
3039,-3.2743357,55.9462571,7,South Queensferry to Edinburgh,15.5,24.8,3
3040,-3.2743286,55.9462221,7,South Queensferry to Edinburgh,15.5,24.8,3
3041,-3.2742058,55.9459085,7,South Queensferry to Edinburgh,15.5,24.8,3
3042,-3.2741962,55.9458926,7,South Queensferry to Edinburgh,15.5,24.8,3
3043,-3.2741814,55.9458747,7,South Queensferry to Edinburgh,15.5,24.8,3
3044,-3.2741624,55.9458571,7,South Queensferry to Edinburgh,15.5,24.8,3
3045,-3.2741484,55.9458416,7,South Queensferry to Edinburgh,15.5,24.8,3
3046,-3.2741345,55.9458165,7,South Queensferry to Edinburgh,15.5,24.8,3
3047,-3.2741048,55.9457226,7,South Queensferry to Edinburgh,15.5,24.8,3
3048,-3.2740601,55.9456147,7,South Queensferry to Edinburgh,15.5,24.8,3
3049,-3.2740594,55.9455857,7,South Queensferry to Edinburgh,15.5,24.8,3
3050,-3.2740552,55.94556,7,South Queensferry to Edinburgh,15.5,24.8,3
3051,-3.2740448,55.9455279,7,South Queensferry to Edinburgh,15.5,24.8,3
3052,-3.2740321,55.945494,7,South Queensferry to Edinburgh,15.5,24.8,3
3053,-3.2739293,55.9452474,7,South Queensferry to Edinburgh,15.5,24.8,3
3054,-3.2739015,55.9451767,7,South Queensferry to Edinburgh,15.5,24.8,3
3055,-3.2738761,55.9450959,7,South Queensferry to Edinburgh,15.5,24.8,3
3056,-3.2738347,55.9449418,7,South Queensferry to Edinburgh,15.5,24.8,3
3057,-3.2737776,55.9445538,7,South Queensferry to Edinburgh,15.5,24.8,3
3058,-3.2736716,55.9436315,7,South Queensferry to Edinburgh,15.5,24.8,3
3059,-3.2736433,55.943347,7,South Queensferry to Edinburgh,15.5,24.8,3
3060,-3.2736352,55.9432956,7,South Queensferry to Edinburgh,15.5,24.8,3
3061,-3.27362,55.9432591,7,South Queensferry to Edinburgh,15.5,24.8,3
3062,-3.2735912,55.9432201,7,South Queensferry to Edinburgh,15.5,24.8,3
3063,-3.2735449,55.943162,7,South Queensferry to Edinburgh,15.5,24.8,3
3064,-3.2734687,55.943089,7,South Queensferry to Edinburgh,15.5,24.8,3
3065,-3.2734013,55.9430274,7,South Queensferry to Edinburgh,15.5,24.8,3
3066,-3.2733294,55.9429527,7,South Queensferry to Edinburgh,15.5,24.8,3
3067,-3.2732686,55.9428755,7,South Queensferry to Edinburgh,15.5,24.8,3
3068,-3.2732063,55.9427891,7,South Queensferry to Edinburgh,15.5,24.8,3
3069,-3.2731503,55.9427079,7,South Queensferry to Edinburgh,15.5,24.8,3
3070,-3.2730601,55.9425697,7,South Queensferry to Edinburgh,15.5,24.8,3
3071,-3.2730368,55.9425268,7,South Queensferry to Edinburgh,15.5,24.8,3
3072,-3.2730062,55.942457,7,South Queensferry to Edinburgh,15.5,24.8,3
3073,-3.2729824,55.9423839,7,South Queensferry to Edinburgh,15.5,24.8,3
3074,-3.2729482,55.9421989,7,South Queensferry to Edinburgh,15.5,24.8,3
3075,-3.2728931,55.9418566,7,South Queensferry to Edinburgh,15.5,24.8,3
3076,-3.2728836,55.9417837,7,South Queensferry to Edinburgh,15.5,24.8,3
3077,-3.2724056,55.9417646,7,South Queensferry to Edinburgh,15.5,24.8,3
3078,-3.2719234,55.9417489,7,South Queensferry to Edinburgh,15.5,24.8,3
3079,-3.2719326,55.9415546,7,South Queensferry to Edinburgh,15.5,24.8,3
3080,-3.2718163,55.9413441,7,South Queensferry to Edinburgh,15.5,24.8,3
3081,-3.2716172,55.9410663,7,South Queensferry to Edinburgh,15.5,24.8,3
3082,-3.2715336,55.9409542,7,South Queensferry to Edinburgh,15.5,24.8,3
3083,-3.2713799,55.9408757,7,South Queensferry to Edinburgh,15.5,24.8,3
3084,-3.2708642,55.9409138,7,South Queensferry to Edinburgh,15.5,24.8,3
3085,-3.2705604,55.9409386,7,South Queensferry to Edinburgh,15.5,24.8,3
3086,-3.2702897,55.9409578,7,South Queensferry to Edinburgh,15.5,24.8,3
3087,-3.2695683,55.9410323,7,South Queensferry to Edinburgh,15.5,24.8,3
3088,-3.2692081,55.9410676,7,South Queensferry to Edinburgh,15.5,24.8,3
3089,-3.2689062,55.9411031,7,South Queensferry to Edinburgh,15.5,24.8,3
3090,-3.2683992,55.9411701,7,South Queensferry to Edinburgh,15.5,24.8,3
3091,-3.2677081,55.9412431,7,South Queensferry to Edinburgh,15.5,24.8,3
3092,-3.2673454,55.9412866,7,South Queensferry to Edinburgh,15.5,24.8,3
3093,-3.2671094,55.9413098,7,South Queensferry to Edinburgh,15.5,24.8,3
3094,-3.266386,55.9413995,7,South Queensferry to Edinburgh,15.5,24.8,3
3095,-3.2659011,55.9414553,7,South Queensferry to Edinburgh,15.5,24.8,3
3096,-3.2649674,55.9415825,7,South Queensferry to Edinburgh,15.5,24.8,3
3097,-3.2645965,55.9416266,7,South Queensferry to Edinburgh,15.5,24.8,3
3098,-3.2640564,55.9416897,7,South Queensferry to Edinburgh,15.5,24.8,3
3099,-3.26354,55.9417303,7,South Queensferry to Edinburgh,15.5,24.8,3
3100,-3.2631167,55.9417445,7,South Queensferry to Edinburgh,15.5,24.8,3
3101,-3.2627366,55.9417472,7,South Queensferry to Edinburgh,15.5,24.8,3
3102,-3.2626209,55.9417432,7,South Queensferry to Edinburgh,15.5,24.8,3
3103,-3.2624936,55.941736,7,South Queensferry to Edinburgh,15.5,24.8,3
3104,-3.2617722,55.9416615,7,South Queensferry to Edinburgh,15.5,24.8,3
3105,-3.2615577,55.941622,7,South Queensferry to Edinburgh,15.5,24.8,3
3106,-3.2612761,55.941564,7,South Queensferry to Edinburgh,15.5,24.8,3
3107,-3.2608663,55.941459,7,South Queensferry to Edinburgh,15.5,24.8,3
3108,-3.2606258,55.9413857,7,South Queensferry to Edinburgh,15.5,24.8,3
3109,-3.2605682,55.9413747,7,South Queensferry to Edinburgh,15.5,24.8,3
3110,-3.2604424,55.941324,7,South Queensferry to Edinburgh,15.5,24.8,3
3111,-3.2602857,55.9412653,7,South Queensferry to Edinburgh,15.5,24.8,3
3112,-3.2601246,55.9412013,7,South Queensferry to Edinburgh,15.5,24.8,3
3113,-3.2599749,55.9411353,7,South Queensferry to Edinburgh,15.5,24.8,3
3114,-3.2597006,55.9410112,7,South Queensferry to Edinburgh,15.5,24.8,3
3115,-3.2594113,55.9408544,7,South Queensferry to Edinburgh,15.5,24.8,3
3116,-3.2590547,55.9406398,7,South Queensferry to Edinburgh,15.5,24.8,3
3117,-3.2587121,55.9404196,7,South Queensferry to Edinburgh,15.5,24.8,3
3118,-3.2565437,55.9390474,7,South Queensferry to Edinburgh,15.5,24.8,3
3119,-3.2563096,55.9389054,7,South Queensferry to Edinburgh,15.5,24.8,3
3120,-3.2562521,55.9388784,7,South Queensferry to Edinburgh,15.5,24.8,3
3121,-3.2556828,55.9385923,7,South Queensferry to Edinburgh,15.5,24.8,3
3122,-3.255453,55.9385016,7,South Queensferry to Edinburgh,15.5,24.8,3
3123,-3.2552893,55.9384485,7,South Queensferry to Edinburgh,15.5,24.8,3
3124,-3.2551275,55.9384022,7,South Queensferry to Edinburgh,15.5,24.8,3
3125,-3.254946,55.938354,7,South Queensferry to Edinburgh,15.5,24.8,3
3126,-3.2547708,55.9383105,7,South Queensferry to Edinburgh,15.5,24.8,3
3127,-3.2545737,55.9382664,7,South Queensferry to Edinburgh,15.5,24.8,3
3128,-3.2544400000000002,55.9382402,7,South Queensferry to Edinburgh,15.5,24.8,3
3129,-3.2542759,55.9382127,7,South Queensferry to Edinburgh,15.5,24.8,3
3130,-3.2540695,55.9381825,7,South Queensferry to Edinburgh,15.5,24.8,3
3131,-3.2538455,55.9381533,7,South Queensferry to Edinburgh,15.5,24.8,3
3132,-3.2535663,55.9381269,7,South Queensferry to Edinburgh,15.5,24.8,3
3133,-3.2533595,55.9381131,7,South Queensferry to Edinburgh,15.5,24.8,3
3134,-3.2530996,55.9381036,7,South Queensferry to Edinburgh,15.5,24.8,3
3135,-3.252811,55.9381053,7,South Queensferry to Edinburgh,15.5,24.8,3
3136,-3.252432,55.9381739,7,South Queensferry to Edinburgh,15.5,24.8,3
3137,-3.2517006,55.9383098,7,South Queensferry to Edinburgh,15.5,24.8,3
3138,-3.2513829,55.9383719,7,South Queensferry to Edinburgh,15.5,24.8,3
3139,-3.2511761,55.9384233,7,South Queensferry to Edinburgh,15.5,24.8,3
3140,-3.2510136,55.9384864,7,South Queensferry to Edinburgh,15.5,24.8,3
3141,-3.2509236,55.938533,7,South Queensferry to Edinburgh,15.5,24.8,3
3142,-3.2508204,55.9385833,7,South Queensferry to Edinburgh,15.5,24.8,3
3143,-3.250955,55.9386641,7,South Queensferry to Edinburgh,15.5,24.8,3
3144,-3.2510784,55.9387336,7,South Queensferry to Edinburgh,15.5,24.8,3
3145,-3.2509759,55.9387853,7,South Queensferry to Edinburgh,15.5,24.8,3
3146,-3.2507629,55.9388887,7,South Queensferry to Edinburgh,15.5,24.8,3
3147,-3.2507242,55.9389053,7,South Queensferry to Edinburgh,15.5,24.8,3
3148,-3.2506757,55.9389206,7,South Queensferry to Edinburgh,15.5,24.8,3
3149,-3.2505074,55.9389617,7,South Queensferry to Edinburgh,15.5,24.8,3
3150,-3.2497876,55.9391309,7,South Queensferry to Edinburgh,15.5,24.8,3
3151,-3.2493854,55.9392289,7,South Queensferry to Edinburgh,15.5,24.8,3
3152,-3.2491814,55.9392976,7,South Queensferry to Edinburgh,15.5,24.8,3
3153,-3.2488458,55.9393873,7,South Queensferry to Edinburgh,15.5,24.8,3
3154,-3.2466575,55.9399307,7,South Queensferry to Edinburgh,15.5,24.8,3
3155,-3.2463081,55.9400161,7,South Queensferry to Edinburgh,15.5,24.8,3
3156,-3.2462366,55.9399539,7,South Queensferry to Edinburgh,15.5,24.8,3
3157,-3.2460913,55.9399888,7,South Queensferry to Edinburgh,15.5,24.8,3
3158,-3.2460355,55.9399502,7,South Queensferry to Edinburgh,15.5,24.8,3
3159,-3.2459606,55.9398928,7,South Queensferry to Edinburgh,15.5,24.8,3
3160,-3.2458835,55.9398241,7,South Queensferry to Edinburgh,15.5,24.8,3
3161,-3.2458384,55.9397691,7,South Queensferry to Edinburgh,15.5,24.8,3
3162,-3.2457955,55.9397124,7,South Queensferry to Edinburgh,15.5,24.8,3
3163,-3.2456985,55.9395817,7,South Queensferry to Edinburgh,15.5,24.8,3
3164,-3.2454709,55.9392356,7,South Queensferry to Edinburgh,15.5,24.8,3
3165,-3.2455231,55.9389656,7,South Queensferry to Edinburgh,15.5,24.8,3
3166,-3.2456251,55.9388166,7,South Queensferry to Edinburgh,15.5,24.8,3
3167,-3.2457625,55.9387051,7,South Queensferry to Edinburgh,15.5,24.8,3
3168,-3.2458864,55.9386516,7,South Queensferry to Edinburgh,15.5,24.8,3
3169,-3.2459519,55.938605,7,South Queensferry to Edinburgh,15.5,24.8,3
3170,-3.2459848,55.9385575,7,South Queensferry to Edinburgh,15.5,24.8,3
3171,-3.2460032,55.938498,7,South Queensferry to Edinburgh,15.5,24.8,3
3172,-3.2460032,55.9384455,7,South Queensferry to Edinburgh,15.5,24.8,3
3173,-3.2459526,55.9383665,7,South Queensferry to Edinburgh,15.5,24.8,3
3174,-3.2460122,55.9380943,7,South Queensferry to Edinburgh,15.5,24.8,3
3175,-3.2461248,55.9377525,7,South Queensferry to Edinburgh,15.5,24.8,3
3176,-3.2465991,55.9376328,7,South Queensferry to Edinburgh,15.5,24.8,3
3177,-3.246776,55.937566,7,South Queensferry to Edinburgh,15.5,24.8,3
3178,-3.246926,55.9374865,7,South Queensferry to Edinburgh,15.5,24.8,3
3179,-3.2470883,55.9373758,7,South Queensferry to Edinburgh,15.5,24.8,3
3180,-3.2471855,55.9372889,7,South Queensferry to Edinburgh,15.5,24.8,3
3181,-3.2473211,55.9370866,7,South Queensferry to Edinburgh,15.5,24.8,3
3182,-3.2473679,55.9370028,7,South Queensferry to Edinburgh,15.5,24.8,3
3183,-3.2473801,55.9369188,7,South Queensferry to Edinburgh,15.5,24.8,3
3184,-3.2474031,55.9368272,7,South Queensferry to Edinburgh,15.5,24.8,3
3185,-3.247411,55.9367275,7,South Queensferry to Edinburgh,15.5,24.8,3
3186,-3.2474287,55.9366441,7,South Queensferry to Edinburgh,15.5,24.8,3
3187,-3.2474206,55.9365623,7,South Queensferry to Edinburgh,15.5,24.8,3
3188,-3.2474369,55.9364839,7,South Queensferry to Edinburgh,15.5,24.8,3
3189,-3.2474627,55.9363047,7,South Queensferry to Edinburgh,15.5,24.8,3
3190,-3.2474513,55.9362533,7,South Queensferry to Edinburgh,15.5,24.8,3
3191,-3.2474341,55.9362067,7,South Queensferry to Edinburgh,15.5,24.8,3
3192,-3.2473868,55.9361112,7,South Queensferry to Edinburgh,15.5,24.8,3
3193,-3.2473552,55.936063,7,South Queensferry to Edinburgh,15.5,24.8,3
3194,-3.2473411,55.9360125,7,South Queensferry to Edinburgh,15.5,24.8,3
3195,-3.2473411,55.9359887,7,South Queensferry to Edinburgh,15.5,24.8,3
3196,-3.2473339,55.9359636,7,South Queensferry to Edinburgh,15.5,24.8,3
3197,-3.2473108,55.9359108,7,South Queensferry to Edinburgh,15.5,24.8,3
3198,-3.2472884,55.9358717,7,South Queensferry to Edinburgh,15.5,24.8,3
3199,-3.2474349,55.9358125,7,South Queensferry to Edinburgh,15.5,24.8,3
3200,-3.2473064,55.9357167,7,South Queensferry to Edinburgh,15.5,24.8,3
3201,-3.2478016,55.9354696,7,South Queensferry to Edinburgh,15.5,24.8,3
3202,-3.2478244,55.9354386,7,South Queensferry to Edinburgh,15.5,24.8,3
3203,-3.2489438,55.9349387,7,South Queensferry to Edinburgh,15.5,24.8,3
3204,-3.2508235,55.9340678,7,South Queensferry to Edinburgh,15.5,24.8,3
3205,-3.2520663,55.9335451,7,South Queensferry to Edinburgh,15.5,24.8,3
3206,-3.2523002,55.9334407,7,South Queensferry to Edinburgh,15.5,24.8,3
3207,-3.2523272,55.9334279,7,South Queensferry to Edinburgh,15.5,24.8,3
3208,-3.2523455,55.9334157,7,South Queensferry to Edinburgh,15.5,24.8,3
3209,-3.2523655,55.9333955,7,South Queensferry to Edinburgh,15.5,24.8,3
3210,-3.2523739,55.9333814,7,South Queensferry to Edinburgh,15.5,24.8,3
3211,-3.2523797,55.9333566,7,South Queensferry to Edinburgh,15.5,24.8,3
3212,-3.2523769,55.9333375,7,South Queensferry to Edinburgh,15.5,24.8,3
3213,-3.2523603,55.9333096,7,South Queensferry to Edinburgh,15.5,24.8,3
3214,-3.2523355,55.9332886,7,South Queensferry to Edinburgh,15.5,24.8,3
3215,-3.2523074,55.9332737,7,South Queensferry to Edinburgh,15.5,24.8,3
3216,-3.2522618,55.9332594,7,South Queensferry to Edinburgh,15.5,24.8,3
3217,-3.2522222,55.9332535,7,South Queensferry to Edinburgh,15.5,24.8,3
3218,-3.2521377,55.9331885,7,South Queensferry to Edinburgh,15.5,24.8,3
3219,-3.2522911,55.9331405,7,South Queensferry to Edinburgh,15.5,24.8,3
3220,-3.252372,55.9330976,7,South Queensferry to Edinburgh,15.5,24.8,3
3221,-3.2523245,55.9330667,7,South Queensferry to Edinburgh,15.5,24.8,3
3222,-3.2520628,55.9329106,7,South Queensferry to Edinburgh,15.5,24.8,3
3223,-3.2519945,55.9328475,7,South Queensferry to Edinburgh,15.5,24.8,3
3224,-3.2519265,55.9327683,7,South Queensferry to Edinburgh,15.5,24.8,3
3225,-3.251884,55.9326975,7,South Queensferry to Edinburgh,15.5,24.8,3
3226,-3.2518421,55.93261,7,South Queensferry to Edinburgh,15.5,24.8,3
3227,-3.2518338,55.9325497,7,South Queensferry to Edinburgh,15.5,24.8,3
3228,-3.251836,55.9324941,7,South Queensferry to Edinburgh,15.5,24.8,3
3229,-3.2518556,55.9324093,7,South Queensferry to Edinburgh,15.5,24.8,3
3230,-3.2518768,55.9323323,7,South Queensferry to Edinburgh,15.5,24.8,3
3231,-3.2519178,55.9322316,7,South Queensferry to Edinburgh,15.5,24.8,3
3232,-3.2519723,55.9321424,7,South Queensferry to Edinburgh,15.5,24.8,3
3233,-3.2520276,55.932074,7,South Queensferry to Edinburgh,15.5,24.8,3
3234,-3.2521794,55.9319141,7,South Queensferry to Edinburgh,15.5,24.8,3
3235,-3.2523313,55.9317744,7,South Queensferry to Edinburgh,15.5,24.8,3
3236,-3.252459,55.9316734,7,South Queensferry to Edinburgh,15.5,24.8,3
3237,-3.252671,55.9315352,7,South Queensferry to Edinburgh,15.5,24.8,3
3238,-3.2527804,55.9314847,7,South Queensferry to Edinburgh,15.5,24.8,3
3239,-3.2529844,55.9314335,7,South Queensferry to Edinburgh,15.5,24.8,3
3240,-3.2532083,55.9314237,7,South Queensferry to Edinburgh,15.5,24.8,3
3241,-3.2534875,55.9314331,7,South Queensferry to Edinburgh,15.5,24.8,3
3242,-3.2538001,55.9314513,7,South Queensferry to Edinburgh,15.5,24.8,3
3243,-3.2545498,55.9313247,7,South Queensferry to Edinburgh,15.5,24.8,3
3244,-3.2549273,55.9310756,7,South Queensferry to Edinburgh,15.5,24.8,3
3245,-3.2550127,55.9309276,7,South Queensferry to Edinburgh,15.5,24.8,3
3246,-3.2550555,55.9305351,7,South Queensferry to Edinburgh,15.5,24.8,3
3247,-3.2549188,55.930426,7,South Queensferry to Edinburgh,15.5,24.8,3
3248,-3.2548181,55.9303825,7,South Queensferry to Edinburgh,15.5,24.8,3
3249,-3.2547515,55.9304028,7,South Queensferry to Edinburgh,15.5,24.8,3
3250,-3.2539471,55.9299165,7,South Queensferry to Edinburgh,15.5,24.8,3
3251,-3.2536509,55.929724,7,South Queensferry to Edinburgh,15.5,24.8,3
3252,-3.2535041,55.9295556,7,South Queensferry to Edinburgh,15.5,24.8,3
3253,-3.2533731,55.9291514,7,South Queensferry to Edinburgh,15.5,24.8,3
3254,-3.2532707,55.9289635,7,South Queensferry to Edinburgh,15.5,24.8,3
3255,-3.2533219,55.9288326,7,South Queensferry to Edinburgh,15.5,24.8,3
3256,-3.253487,55.9285593,7,South Queensferry to Edinburgh,15.5,24.8,3
3257,-3.2538001,55.9283942,7,South Queensferry to Edinburgh,15.5,24.8,3
3258,-3.2542693,55.9283102,7,South Queensferry to Edinburgh,15.5,24.8,3
3259,-3.2545273,55.928311,7,South Queensferry to Edinburgh,15.5,24.8,3
3260,-3.2548845,55.9283699,7,South Queensferry to Edinburgh,15.5,24.8,3
3261,-3.2551936,55.9283388,7,South Queensferry to Edinburgh,15.5,24.8,3
3262,-3.2553096,55.9281509,7,South Queensferry to Edinburgh,15.5,24.8,3
3263,-3.2555708,55.9281356,7,South Queensferry to Edinburgh,15.5,24.8,3
3264,-3.2559345,55.9280787,7,South Queensferry to Edinburgh,15.5,24.8,3
3265,-3.2562162,55.9279398,7,South Queensferry to Edinburgh,15.5,24.8,3
3266,-3.2565042,55.9275859,7,South Queensferry to Edinburgh,15.5,24.8,3
3267,-3.2566647,55.9273928,7,South Queensferry to Edinburgh,15.5,24.8,3
3268,-3.2569483,55.9267945,7,South Queensferry to Edinburgh,15.5,24.8,3
3269,-3.2572386,55.9263676,7,South Queensferry to Edinburgh,15.5,24.8,3
3270,-3.2573392,55.9261858,7,South Queensferry to Edinburgh,15.5,24.8,3
3271,-3.2577028,55.9260847,7,South Queensferry to Edinburgh,15.5,24.8,3
3272,-3.2581009,55.9260491,7,South Queensferry to Edinburgh,15.5,24.8,3
3273,-3.2584811,55.9260033,7,South Queensferry to Edinburgh,15.5,24.8,3
3274,-3.258595,55.9259154,7,South Queensferry to Edinburgh,15.5,24.8,3
3275,-3.2586106,55.9258268,7,South Queensferry to Edinburgh,15.5,24.8,3
3276,-3.2585682,55.9257342,7,South Queensferry to Edinburgh,15.5,24.8,3
3277,-3.258481,55.9256661,7,South Queensferry to Edinburgh,15.5,24.8,3
3278,-3.2582855,55.9256107,7,South Queensferry to Edinburgh,15.5,24.8,3
3279,-3.2575906,55.9254588,7,South Queensferry to Edinburgh,15.5,24.8,3
3280,-3.2562981,55.9253491,7,South Queensferry to Edinburgh,15.5,24.8,3
3281,-3.2557559,55.9254499,7,South Queensferry to Edinburgh,15.5,24.8,3
3282,-3.2552518,55.9255364,7,South Queensferry to Edinburgh,15.5,24.8,3
3283,-3.2545402,55.9256787,7,South Queensferry to Edinburgh,15.5,24.8,3
3284,-3.253652,55.9257798,7,South Queensferry to Edinburgh,15.5,24.8,3
3285,-3.2527926,55.9258112,7,South Queensferry to Edinburgh,15.5,24.8,3
3286,-3.2524364,55.9258012,7,South Queensferry to Edinburgh,15.5,24.8,3
3287,-3.2519152,55.9256051,7,South Queensferry to Edinburgh,15.5,24.8,3
3288,-3.2517962,55.9255136,7,South Queensferry to Edinburgh,15.5,24.8,3
3289,-3.2515913,55.9253258,7,South Queensferry to Edinburgh,15.5,24.8,3
3290,-3.2513977,55.9252233,7,South Queensferry to Edinburgh,15.5,24.8,3
3291,-3.2509983,55.9249851,7,South Queensferry to Edinburgh,15.5,24.8,3
3292,-3.2506959,55.9248319,7,South Queensferry to Edinburgh,15.5,24.8,3
3293,-3.2500542,55.9245971,7,South Queensferry to Edinburgh,15.5,24.8,3
3294,-3.2498025,55.9244573,7,South Queensferry to Edinburgh,15.5,24.8,3
3295,-3.249428,55.9242897,7,South Queensferry to Edinburgh,15.5,24.8,3
3296,-3.2492225,55.9241194,7,South Queensferry to Edinburgh,15.5,24.8,3
3297,-3.2489181,55.9239222,7,South Queensferry to Edinburgh,15.5,24.8,3
3298,-3.2488363,55.9239616,7,South Queensferry to Edinburgh,15.5,24.8,3
3299,-3.2488159,55.9240196,7,South Queensferry to Edinburgh,15.5,24.8,3
3300,-3.2487636,55.9240589,7,South Queensferry to Edinburgh,15.5,24.8,3
3301,-3.248653,55.9240892,7,South Queensferry to Edinburgh,15.5,24.8,3
3302,-3.2485982,55.9240871,7,South Queensferry to Edinburgh,15.5,24.8,3
3303,-3.248479,55.9240288,7,South Queensferry to Edinburgh,15.5,24.8,3
3304,-3.2482485,55.9241604,7,South Queensferry to Edinburgh,15.5,24.8,3
3305,-3.248013,55.9242809,7,South Queensferry to Edinburgh,15.5,24.8,3
3306,-3.2477694,55.9243886,7,South Queensferry to Edinburgh,15.5,24.8,3
3307,-3.2476085,55.9244425,7,South Queensferry to Edinburgh,15.5,24.8,3
3308,-3.2474403,55.9244936,7,South Queensferry to Edinburgh,15.5,24.8,3
3309,-3.2473445,55.9245203,7,South Queensferry to Edinburgh,15.5,24.8,3
3310,-3.2472416,55.9245439,7,South Queensferry to Edinburgh,15.5,24.8,3
3311,-3.2471054,55.9245708,7,South Queensferry to Edinburgh,15.5,24.8,3
3312,-3.2469901,55.9245904,7,South Queensferry to Edinburgh,15.5,24.8,3
3313,-3.2468729,55.9246055,7,South Queensferry to Edinburgh,15.5,24.8,3
3314,-3.246794,55.9246108,7,South Queensferry to Edinburgh,15.5,24.8,3
3315,-3.2467149,55.9246061,7,South Queensferry to Edinburgh,15.5,24.8,3
3316,-3.2465091,55.9245767,7,South Queensferry to Edinburgh,15.5,24.8,3
3317,-3.2458244,55.9244905,7,South Queensferry to Edinburgh,15.5,24.8,3
3318,-3.245794,55.9244905,7,South Queensferry to Edinburgh,15.5,24.8,3
3319,-3.2457571,55.9244975,7,South Queensferry to Edinburgh,15.5,24.8,3
3320,-3.2457034,55.924498,7,South Queensferry to Edinburgh,15.5,24.8,3
3321,-3.2456378,55.9244942,7,South Queensferry to Edinburgh,15.5,24.8,3
3322,-3.2455603,55.9244862,7,South Queensferry to Edinburgh,15.5,24.8,3
3323,-3.245424,55.9244693,7,South Queensferry to Edinburgh,15.5,24.8,3
3324,-3.245252,55.9244424,7,South Queensferry to Edinburgh,15.5,24.8,3
3325,-3.2451876,55.9244271,7,South Queensferry to Edinburgh,15.5,24.8,3
3326,-3.2450935,55.9244001,7,South Queensferry to Edinburgh,15.5,24.8,3
3327,-3.2449727,55.924358,7,South Queensferry to Edinburgh,15.5,24.8,3
3328,-3.2448144,55.9243056,7,South Queensferry to Edinburgh,15.5,24.8,3
3329,-3.244498,55.9242125,7,South Queensferry to Edinburgh,15.5,24.8,3
3330,-3.244386,55.924183,7,South Queensferry to Edinburgh,15.5,24.8,3
3331,-3.2442867,55.9241637,7,South Queensferry to Edinburgh,15.5,24.8,3
3332,-3.2441344,55.9241401,7,South Queensferry to Edinburgh,15.5,24.8,3
3333,-3.2439563,55.9241242,7,South Queensferry to Edinburgh,15.5,24.8,3
3334,-3.2431541,55.9240686,7,South Queensferry to Edinburgh,15.5,24.8,3
3335,-3.2423366,55.9240217,7,South Queensferry to Edinburgh,15.5,24.8,3
3336,-3.2420656,55.9240175,7,South Queensferry to Edinburgh,15.5,24.8,3
3337,-3.2417719,55.9240322,7,South Queensferry to Edinburgh,15.5,24.8,3
3338,-3.2415495,55.9240573,7,South Queensferry to Edinburgh,15.5,24.8,3
3339,-3.2413259,55.9240923,7,South Queensferry to Edinburgh,15.5,24.8,3
3340,-3.2411837,55.9241238,7,South Queensferry to Edinburgh,15.5,24.8,3
3341,-3.2410422,55.924161,7,South Queensferry to Edinburgh,15.5,24.8,3
3342,-3.2409188,55.9241948,7,South Queensferry to Edinburgh,15.5,24.8,3
3343,-3.2408031,55.9242323,7,South Queensferry to Edinburgh,15.5,24.8,3
3344,-3.2406179,55.9243062,7,South Queensferry to Edinburgh,15.5,24.8,3
3345,-3.2405502,55.9243438,7,South Queensferry to Edinburgh,15.5,24.8,3
3346,-3.2402328,55.9245516,7,South Queensferry to Edinburgh,15.5,24.8,3
3347,-3.2400019,55.9246957,7,South Queensferry to Edinburgh,15.5,24.8,3
3348,-3.2399641,55.9247169,7,South Queensferry to Edinburgh,15.5,24.8,3
3349,-3.2398978,55.9247492,7,South Queensferry to Edinburgh,15.5,24.8,3
3350,-3.2398273,55.9247778,7,South Queensferry to Edinburgh,15.5,24.8,3
3351,-3.2396391,55.9248456,7,South Queensferry to Edinburgh,15.5,24.8,3
3352,-3.2395146,55.9248858,7,South Queensferry to Edinburgh,15.5,24.8,3
3353,-3.2393339,55.9249365,7,South Queensferry to Edinburgh,15.5,24.8,3
3354,-3.2391785,55.9249769,7,South Queensferry to Edinburgh,15.5,24.8,3
3355,-3.238801,55.925058,7,South Queensferry to Edinburgh,15.5,24.8,3
3356,-3.2385483,55.9250961,7,South Queensferry to Edinburgh,15.5,24.8,3
3357,-3.23808,55.9251712,7,South Queensferry to Edinburgh,15.5,24.8,3
3358,-3.2377286,55.9252363,7,South Queensferry to Edinburgh,15.5,24.8,3
3359,-3.2375897,55.925269,7,South Queensferry to Edinburgh,15.5,24.8,3
3360,-3.2374391,55.9253097,7,South Queensferry to Edinburgh,15.5,24.8,3
3361,-3.2372048,55.9253761,7,South Queensferry to Edinburgh,15.5,24.8,3
3362,-3.2369728,55.9254503,7,South Queensferry to Edinburgh,15.5,24.8,3
3363,-3.23678,55.9255173,7,South Queensferry to Edinburgh,15.5,24.8,3
3364,-3.2365979,55.9255871,7,South Queensferry to Edinburgh,15.5,24.8,3
3365,-3.2362245,55.9257389,7,South Queensferry to Edinburgh,15.5,24.8,3
3366,-3.2358291,55.9259225,7,South Queensferry to Edinburgh,15.5,24.8,3
3367,-3.2355733,55.9260382,7,South Queensferry to Edinburgh,15.5,24.8,3
3368,-3.2353067,55.9261556,7,South Queensferry to Edinburgh,15.5,24.8,3
3369,-3.2350647,55.9262589,7,South Queensferry to Edinburgh,15.5,24.8,3
3370,-3.2346098,55.9264452,7,South Queensferry to Edinburgh,15.5,24.8,3
3371,-3.2343209,55.9265584,7,South Queensferry to Edinburgh,15.5,24.8,3
3372,-3.2340606,55.926653,7,South Queensferry to Edinburgh,15.5,24.8,3
3373,-3.2330514,55.9269881,7,South Queensferry to Edinburgh,15.5,24.8,3
3374,-3.2327638,55.9270904,7,South Queensferry to Edinburgh,15.5,24.8,3
3375,-3.2325862,55.927148,7,South Queensferry to Edinburgh,15.5,24.8,3
3376,-3.2324692,55.9271836,7,South Queensferry to Edinburgh,15.5,24.8,3
3377,-3.2324322,55.9271928,7,South Queensferry to Edinburgh,15.5,24.8,3
3378,-3.2323924,55.9271944,7,South Queensferry to Edinburgh,15.5,24.8,3
3379,-3.2323477,55.9271986,7,South Queensferry to Edinburgh,15.5,24.8,3
3380,-3.2322203,55.9272414,7,South Queensferry to Edinburgh,15.5,24.8,3
3381,-3.2321603,55.9272919,7,South Queensferry to Edinburgh,15.5,24.8,3
3382,-3.2319848,55.927356,7,South Queensferry to Edinburgh,15.5,24.8,3
3383,-3.2317863,55.9274188,7,South Queensferry to Edinburgh,15.5,24.8,3
3384,-3.2314201,55.9275432,7,South Queensferry to Edinburgh,15.5,24.8,3
3385,-3.2312756,55.9275997,7,South Queensferry to Edinburgh,15.5,24.8,3
3386,-3.2309813,55.9277325,7,South Queensferry to Edinburgh,15.5,24.8,3
3387,-3.2308642,55.9277906,7,South Queensferry to Edinburgh,15.5,24.8,3
3388,-3.2306244,55.9279287,7,South Queensferry to Edinburgh,15.5,24.8,3
3389,-3.2305072,55.9280015,7,South Queensferry to Edinburgh,15.5,24.8,3
3390,-3.2302906,55.9281476,7,South Queensferry to Edinburgh,15.5,24.8,3
3391,-3.2301863,55.9282217,7,South Queensferry to Edinburgh,15.5,24.8,3
3392,-3.2297919,55.928511,7,South Queensferry to Edinburgh,15.5,24.8,3
3393,-3.229422,55.9287902,7,South Queensferry to Edinburgh,15.5,24.8,3
3394,-3.229098,55.9290283,7,South Queensferry to Edinburgh,15.5,24.8,3
3395,-3.2287821,55.9292666,7,South Queensferry to Edinburgh,15.5,24.8,3
3396,-3.2286577,55.9293579,7,South Queensferry to Edinburgh,15.5,24.8,3
3397,-3.2283291,55.9296069,7,South Queensferry to Edinburgh,15.5,24.8,3
3398,-3.2282392,55.9296836,7,South Queensferry to Edinburgh,15.5,24.8,3
3399,-3.2280491,55.9298602,7,South Queensferry to Edinburgh,15.5,24.8,3
3400,-3.2279188,55.9299881,7,South Queensferry to Edinburgh,15.5,24.8,3
3401,-3.2277469,55.9301753,7,South Queensferry to Edinburgh,15.5,24.8,3
3402,-3.2275834,55.9303829,7,South Queensferry to Edinburgh,15.5,24.8,3
3403,-3.227408,55.9306217,7,South Queensferry to Edinburgh,15.5,24.8,3
3404,-3.2272044,55.930895,7,South Queensferry to Edinburgh,15.5,24.8,3
3405,-3.2270426,55.9311185,7,South Queensferry to Edinburgh,15.5,24.8,3
3406,-3.2268639,55.9313363,7,South Queensferry to Edinburgh,15.5,24.8,3
3407,-3.2268066,55.9313659,7,South Queensferry to Edinburgh,15.5,24.8,3
3408,-3.2267228,55.9314669,7,South Queensferry to Edinburgh,15.5,24.8,3
3409,-3.2267146,55.9315262,7,South Queensferry to Edinburgh,15.5,24.8,3
3410,-3.226674,55.9316038,7,South Queensferry to Edinburgh,15.5,24.8,3
3411,-3.2266077,55.9316922,7,South Queensferry to Edinburgh,15.5,24.8,3
3412,-3.2264265,55.9319475,7,South Queensferry to Edinburgh,15.5,24.8,3
3413,-3.2261767,55.9322806,7,South Queensferry to Edinburgh,15.5,24.8,3
3414,-3.2259405,55.9325681,7,South Queensferry to Edinburgh,15.5,24.8,3
3415,-3.2258366,55.9326785,7,South Queensferry to Edinburgh,15.5,24.8,3
3416,-3.2256487,55.9328603,7,South Queensferry to Edinburgh,15.5,24.8,3
3417,-3.2249717,55.9334978,7,South Queensferry to Edinburgh,15.5,24.8,3
3418,-3.2246738,55.9337644,7,South Queensferry to Edinburgh,15.5,24.8,3
3419,-3.224415,55.933988,7,South Queensferry to Edinburgh,15.5,24.8,3
3420,-3.2243147,55.934088,7,South Queensferry to Edinburgh,15.5,24.8,3
3421,-3.2242173,55.9341703,7,South Queensferry to Edinburgh,15.5,24.8,3
3422,-3.2240227,55.934347699999996,7,South Queensferry to Edinburgh,15.5,24.8,3
3423,-3.2238416,55.9345237,7,South Queensferry to Edinburgh,15.5,24.8,3
3424,-3.2237012,55.9346724,7,South Queensferry to Edinburgh,15.5,24.8,3
3425,-3.22364,55.9347328,7,South Queensferry to Edinburgh,15.5,24.8,3
3426,-3.2235494,55.9348305,7,South Queensferry to Edinburgh,15.5,24.8,3
3427,-3.2234717,55.9349352,7,South Queensferry to Edinburgh,15.5,24.8,3
3428,-3.2234321,55.9350033,7,South Queensferry to Edinburgh,15.5,24.8,3
3429,-3.2233894,55.9350644,7,South Queensferry to Edinburgh,15.5,24.8,3
3430,-3.2233516,55.9351279,7,South Queensferry to Edinburgh,15.5,24.8,3
3431,-3.2233185,55.9351966,7,South Queensferry to Edinburgh,15.5,24.8,3
3432,-3.2232701,55.9353074,7,South Queensferry to Edinburgh,15.5,24.8,3
3433,-3.2232528,55.9353538,7,South Queensferry to Edinburgh,15.5,24.8,3
3434,-3.2232387,55.9354009,7,South Queensferry to Edinburgh,15.5,24.8,3
3435,-3.2231258,55.9358087,7,South Queensferry to Edinburgh,15.5,24.8,3
3436,-3.2231116,55.9358535,7,South Queensferry to Edinburgh,15.5,24.8,3
3437,-3.2230948,55.9358985,7,South Queensferry to Edinburgh,15.5,24.8,3
3438,-3.2230727,55.9359427,7,South Queensferry to Edinburgh,15.5,24.8,3
3439,-3.2230496,55.9359859,7,South Queensferry to Edinburgh,15.5,24.8,3
3440,-3.2229976,55.9360737,7,South Queensferry to Edinburgh,15.5,24.8,3
3441,-3.2229387,55.936161,7,South Queensferry to Edinburgh,15.5,24.8,3
3442,-3.2229003,55.9362116,7,South Queensferry to Edinburgh,15.5,24.8,3
3443,-3.2228574,55.9362596,7,South Queensferry to Edinburgh,15.5,24.8,3
3444,-3.2227761,55.9363564,7,South Queensferry to Edinburgh,15.5,24.8,3
3445,-3.2221217,55.9369536,7,South Queensferry to Edinburgh,15.5,24.8,3
3446,-3.2217849,55.9372338,7,South Queensferry to Edinburgh,15.5,24.8,3
3447,-3.2216645,55.9373233,7,South Queensferry to Edinburgh,15.5,24.8,3
3448,-3.2215918,55.9373749,7,South Queensferry to Edinburgh,15.5,24.8,3
3449,-3.2214475,55.9374705,7,South Queensferry to Edinburgh,15.5,24.8,3
3450,-3.2213472,55.9375267,7,South Queensferry to Edinburgh,15.5,24.8,3
3451,-3.2211712,55.9376194,7,South Queensferry to Edinburgh,15.5,24.8,3
3452,-3.2209715,55.9377172,7,South Queensferry to Edinburgh,15.5,24.8,3
3453,-3.2207835,55.9378039,7,South Queensferry to Edinburgh,15.5,24.8,3
3454,-3.22036,55.9379754,7,South Queensferry to Edinburgh,15.5,24.8,3
3455,-3.2198326,55.9381819,7,South Queensferry to Edinburgh,15.5,24.8,3
3456,-3.2196777,55.9382409,7,South Queensferry to Edinburgh,15.5,24.8,3
3457,-3.2195208,55.9382983,7,South Queensferry to Edinburgh,15.5,24.8,3
3458,-3.2185181,55.9386811,7,South Queensferry to Edinburgh,15.5,24.8,3
3459,-3.2184523,55.9387035,7,South Queensferry to Edinburgh,15.5,24.8,3
3460,-3.2184035,55.9387121,7,South Queensferry to Edinburgh,15.5,24.8,3
3461,-3.2182341,55.9387736,7,South Queensferry to Edinburgh,15.5,24.8,3
3462,-3.2180949,55.9388459,7,South Queensferry to Edinburgh,15.5,24.8,3
3463,-3.2178548,55.9389401,7,South Queensferry to Edinburgh,15.5,24.8,3
3464,-3.2176093,55.9390301,7,South Queensferry to Edinburgh,15.5,24.8,3
3465,-3.2168637,55.9392936,7,South Queensferry to Edinburgh,15.5,24.8,3
3466,-3.2162369,55.9395121,7,South Queensferry to Edinburgh,15.5,24.8,3
3467,-3.2159309,55.9396162,7,South Queensferry to Edinburgh,15.5,24.8,3
3468,-3.2155763,55.9397414,7,South Queensferry to Edinburgh,15.5,24.8,3
3469,-3.215499,55.9397741,7,South Queensferry to Edinburgh,15.5,24.8,3
3470,-3.2151982,55.9399336,7,South Queensferry to Edinburgh,15.5,24.8,3
3471,-3.2147605,55.9400976,7,South Queensferry to Edinburgh,15.5,24.8,3
3472,-3.2143129,55.9402596,7,South Queensferry to Edinburgh,15.5,24.8,3
3473,-3.2137148,55.9404706,7,South Queensferry to Edinburgh,15.5,24.8,3
3474,-3.2136613,55.9404861,7,South Queensferry to Edinburgh,15.5,24.8,3
3475,-3.2134324,55.9405314,7,South Queensferry to Edinburgh,15.5,24.8,3
3476,-3.2132749,55.9405893,7,South Queensferry to Edinburgh,15.5,24.8,3
3477,-3.213167,55.940656,7,South Queensferry to Edinburgh,15.5,24.8,3
3478,-3.2131263,55.9406793,7,South Queensferry to Edinburgh,15.5,24.8,3
3479,-3.2130777,55.9407012,7,South Queensferry to Edinburgh,15.5,24.8,3
3480,-3.2111369,55.9413832,7,South Queensferry to Edinburgh,15.5,24.8,3
3481,-3.2110317,55.9412905,7,South Queensferry to Edinburgh,15.5,24.8,3
3482,-3.2109944,55.9412603,7,South Queensferry to Edinburgh,15.5,24.8,3
3483,-3.2108906,55.941191,7,South Queensferry to Edinburgh,15.5,24.8,3
3484,-3.2108906,55.941191,7,South Queensferry to Edinburgh,15.5,24.8,3
3485,-3.2089804,55.9418598,7,South Queensferry to Edinburgh,15.5,24.8,3
3486,-3.2087471,55.9416329,7,South Queensferry to Edinburgh,15.5,24.8,3
3487,-3.2083945,55.9412945,7,South Queensferry to Edinburgh,15.5,24.8,3
3488,-3.2083509,55.9412441,7,South Queensferry to Edinburgh,15.5,24.8,3
3489,-3.2082854,55.9411738,7,South Queensferry to Edinburgh,15.5,24.8,3
3490,-3.2080981,55.9408959,7,South Queensferry to Edinburgh,15.5,24.8,3
3491,-3.2080551,55.9408252,7,South Queensferry to Edinburgh,15.5,24.8,3
3492,-3.2080441,55.940802,7,South Queensferry to Edinburgh,15.5,24.8,3
3493,-3.2080432,55.9407857,7,South Queensferry to Edinburgh,15.5,24.8,3
3494,-3.2080471,55.9407706,7,South Queensferry to Edinburgh,15.5,24.8,3
3495,-3.2080612,55.9407573,7,South Queensferry to Edinburgh,15.5,24.8,3
3496,-3.2080784,55.9407442,7,South Queensferry to Edinburgh,15.5,24.8,3
3497,-3.2081012,55.9407303,7,South Queensferry to Edinburgh,15.5,24.8,3
3498,-3.208509,55.9405352,7,South Queensferry to Edinburgh,15.5,24.8,3
3499,-3.2093948,55.9401297,7,South Queensferry to Edinburgh,15.5,24.8,3
3500,-3.2093948,55.9401297,7,South Queensferry to Edinburgh,15.5,24.8,3
3501,-3.2087049,55.9396594,7,South Queensferry to Edinburgh,15.5,24.8,3
3502,-3.2070699,55.9384286,7,South Queensferry to Edinburgh,15.5,24.8,3
3503,-3.2061191,55.9377489,7,South Queensferry to Edinburgh,15.5,24.8,3
3504,-3.2061441,55.9376369,7,South Queensferry to Edinburgh,15.5,24.8,3
3505,-3.2060354,55.9375758,7,South Queensferry to Edinburgh,15.5,24.8,3
3506,-3.2060161,55.937569,7,South Queensferry to Edinburgh,15.5,24.8,3
3507,-3.2059813,55.9375632,7,South Queensferry to Edinburgh,15.5,24.8,3
3508,-3.2059486,55.9375628,7,South Queensferry to Edinburgh,15.5,24.8,3
3509,-3.2059081,55.9375683,7,South Queensferry to Edinburgh,15.5,24.8,3
3510,-3.2058703,55.9375859,7,South Queensferry to Edinburgh,15.5,24.8,3
3511,-3.2058372,55.9376194,7,South Queensferry to Edinburgh,15.5,24.8,3
3512,-3.2057937,55.9376722,7,South Queensferry to Edinburgh,15.5,24.8,3
3513,-3.2047829,55.9380721,7,South Queensferry to Edinburgh,15.5,24.8,3
3514,-3.2037313,55.9384755,7,South Queensferry to Edinburgh,15.5,24.8,3
3515,-3.2033806,55.9385675,7,South Queensferry to Edinburgh,15.5,24.8,3
3516,-3.2029162,55.9386787,7,South Queensferry to Edinburgh,15.5,24.8,3
3517,-3.2010615,55.9390408,7,South Queensferry to Edinburgh,15.5,24.8,3
3518,-3.1988051,55.9394503,7,South Queensferry to Edinburgh,15.5,24.8,3
3519,-3.1981873,55.9395598,7,South Queensferry to Edinburgh,15.5,24.8,3
3520,-3.1953801,55.9400978,7,South Queensferry to Edinburgh,15.5,24.8,3
3521,-3.1952477,55.9401205,7,South Queensferry to Edinburgh,15.5,24.8,3
3522,-3.1949726,55.94018,7,South Queensferry to Edinburgh,15.5,24.8,3
3523,-3.1949019,55.9401981,7,South Queensferry to Edinburgh,15.5,24.8,3
3524,-3.1946143,55.940162,7,South Queensferry to Edinburgh,15.5,24.8,3
3525,-3.1944787,55.9401317,7,South Queensferry to Edinburgh,15.5,24.8,3
3526,-3.1943857,55.9400955,7,South Queensferry to Edinburgh,15.5,24.8,3
3527,-3.1935618,55.9399685,7,South Queensferry to Edinburgh,15.5,24.8,3
3528,-3.1928255,55.939861,7,South Queensferry to Edinburgh,15.5,24.8,3
3529,-3.1926432,55.9398377,7,South Queensferry to Edinburgh,15.5,24.8,3
3530,-3.1917258,55.9397289,7,South Queensferry to Edinburgh,15.5,24.8,3
3531,-3.1916203,55.9397715,7,South Queensferry to Edinburgh,15.5,24.8,3
3532,-3.191481,55.9397501,7,South Queensferry to Edinburgh,15.5,24.8,3
3533,-3.1901712,55.9395692,7,South Queensferry to Edinburgh,15.5,24.8,3
3534,-3.1896027,55.9395073,7,South Queensferry to Edinburgh,15.5,24.8,3
3535,-3.1894006,55.9394994,7,South Queensferry to Edinburgh,15.5,24.8,3
3536,-3.1891705,55.9394995,7,South Queensferry to Edinburgh,15.5,24.8,3
3537,-3.1864621,55.93962,7,South Queensferry to Edinburgh,15.5,24.8,3
3538,-3.1859057,55.9396615,7,South Queensferry to Edinburgh,15.5,24.8,3
